True_Label,Predicted_Label,Predicted_Churn_Probability
0,0,0.06059338524711379
0,1,0.6042337684316842
0,0,0.04017896594126386
0,0,0.25483628215412
0,0,0.03898129910708883
0,1,0.611928404334951
0,1,0.3620819665415347
0,0,0.15778095702192718
0,0,0.05849868765863165
1,1,0.47509630315306756
0,0,0.08419156258150794
0,0,0.06935632056467984
0,0,0.08821140129309968
1,1,0.6334972498976801
0,0,0.2189110887802124
0,0,0.10921461595869256
0,0,0.09358523709007444
0,1,0.5341788023597028
0,0,0.19464192392846685
0,0,0.108337631767274
1,1,0.6554457824630731
0,1,0.32170912888389125
0,0,0.07509893218453305
0,0,0.06100627044386013
0,0,0.06607652988133768
0,0,0.20071139351298978
1,1,0.5578130050398936
1,1,0.5332256417439055
0,0,0.09376535143123031
1,1,0.5530265168224944
0,1,0.407990648449428
0,1,0.5360576718846498
0,0,0.03898079061676975
0,0,0.1104562168892446
1,1,0.5512767394117204
0,1,0.3766499273087552
1,1,0.6108148427982144
0,0,0.12242486494886777
1,1,0.5553934891041155
1,0,0.1440689492102918
0,0,0.06334184896567353
0,1,0.533337834218219
0,1,0.40537352996626475
0,0,0.16088887824350703
0,0,0.10261229329824945
1,1,0.40426481910055106
0,1,0.5442305301699812
0,0,0.10833290638468537
0,0,0.06263062467768853
1,1,0.40149616496697904
0,0,0.07361388698332455
1,1,0.6388342045297623
0,0,0.1369087149987149
0,1,0.41082701340090305
0,0,0.265474318207717
1,1,0.5530717036669381
0,0,0.17371869544382149
0,0,0.021897505578525954
0,0,0.19758748022486217
0,0,0.10634631691140045
0,0,0.021721967280766596
1,0,0.08608285889925033
0,0,0.28288674564771643
0,0,0.1562265947215677
1,1,0.36214804074318757
1,1,0.5597842074434406
1,1,0.44296764277782547
1,0,0.10660130747446071
1,0,0.15677841597395603
1,1,0.7681142669715678
0,0,0.12197780765560941
0,0,0.07047705663023557
1,1,0.5
0,0,0.15641056309768778
0,0,0.037075392395520615
0,0,0.12290656366806091
0,0,0.009451757970222832
1,1,0.3948105257250654
0,0,0.20048811859235438
0,0,0.06982874657686385
0,0,0.05897355988720606
0,0,0.00367220137090351
1,0,0.20654818270667552
1,1,0.5509530363991445
0,0,0.11383942454190522
0,1,0.4766387570891634
0,1,0.6523366650695445
1,1,0.80396504431815
1,1,0.48777043973678674
0,0,0.07190649461666408
1,1,0.6105443204233963
0,0,0.2712174119402927
0,0,0.05140322621759772
1,1,0.5534649873471771
1,1,0.617150195384513
0,0,0.01644787772791856
0,1,0.7094465196464466
0,0,0.059665918769124957
1,1,0.7029815235779394
0,0,0.1607177716965484
1,1,0.6133430008643541
1,1,0.5474406675658563
0,1,0.4422403186816751
1,1,0.34887459049597985
1,1,0.3291286476302263
0,0,0.05986730541174592
0,0,0.10897705947716511
0,0,0.015048935934888895
0,0,0.07915055464742039
0,0,0.10516148963467709
0,0,0.10821448925334747
0,1,0.6290114522816881
0,0,0.14012462803610662
0,0,0.2843080921791895
1,1,0.524873282993867
0,0,0.014450963565199045
1,1,0.5835576624927636
0,1,0.5233614450969699
0,0,0.13122841252107295
0,0,0.0972015349372355
0,0,0.04717673503906628
1,1,0.46583325739806475
0,0,0.09046784044241175
0,0,0.006915782402624799
1,1,0.5378596372904538
0,0,0.029838930180300677
1,1,0.5678816597481597
0,0,0.17332314543048483
1,1,0.5
0,0,0.0956555619462519
1,0,0.14317522071709007
1,0,0.10552356837460128
0,0,0.16525058207976015
0,0,0.21051901145203616
0,0,0.05721798381719116
0,0,0.21117703526344128
0,0,0.0896746792258663
0,0,0.13998056900063685
0,0,0.01597359850427972
1,1,0.4011680273690537
0,0,0.0889690923357874
0,0,0.07613432777122126
0,1,0.6716909015145894
0,0,0.07855038138516669
0,0,0.04941664861463387
0,0,0.06618809494248139
0,0,0.11507721403612978
1,1,0.41685033634092516
0,0,0.2585488086875497
0,1,0.42090709490514255
0,0,0.10897259819762631
0,1,0.6217551142064968
0,0,0.11282389104113263
0,0,0.22397773741185595
1,1,0.533117205574677
0,0,0.2731644221486441
0,1,0.5453564619805592
1,1,0.2937073396477013
1,1,0.543475898846347
1,1,0.5426786729227231
0,0,0.11063869357912207
0,0,0.04517410800502137
0,0,0.11120879343402078
0,0,0.10860260164613597
0,0,0.05602056161075076
1,0,0.13898008651659452
0,0,0.015711624018405247
1,0,0.06592939327942031
0,0,0.1346482400256146
0,0,0.07525898082929751
0,1,0.5195061317286542
1,1,0.5456431619604988
0,0,0.04065480341359009
1,0,0.16438909046837566
0,1,0.6156571985183336
0,1,0.5606526426305359
0,0,0.0952632479525924
0,0,0.09954872206791565
0,1,0.47392330277071304
0,0,0.048791806796526054
1,1,0.5194340087251853
0,0,0.11576942179934545
1,1,0.578992942248223
1,0,0.14306392062629264
0,0,0.12454210175148746
0,1,0.3049610186527838
0,0,0.05893061659536285
1,1,0.48115472028646383
0,0,0.192007420763145
0,0,0.10556424518416019
0,0,0.06372314602663573
0,0,0.20898701738550163
1,1,0.5276022708673338
0,0,0.08849297991635607
0,1,0.3564936040706261
0,1,0.5743029139530424
0,1,0.4751877797985608
0,0,0.14458832493203352
0,1,0.3695463995962546
0,1,0.35949578619628025
0,0,0.21907740719147956
0,0,0.10020824425767405
0,0,0.10798121663421203
0,0,0.1164092917431302
0,0,0.1413504778183203
0,0,0.062183377541895506
0,0,0.06613082583413701
0,0,0.16544779347722144
0,0,0.22823665389315817
0,0,0.09747379281889171
1,0,0.06118475231858807
0,1,0.6559948929164008
1,0,0.1238186736088459
0,0,0.11204400791326904
0,0,0.009006696090102904
0,1,0.37246016097766566
0,0,0.08486285141393742
0,1,0.5152200782374351
1,1,0.5310779527368154
1,0,0.2126597856833193
0,0,0.16583861210442344
0,0,0.18343293154259452
0,1,0.4284639170555102
0,0,0.09678711124450333
0,1,0.5888003699538432
0,0,0.2383606460250409
0,0,0.0716765123448998
0,0,0.15222462995304636
1,1,0.6142095714514747
0,1,0.5334399142457343
0,0,0.03647070359675145
1,1,0.597627512117098
0,1,0.5634126926589085
0,0,0.047571125933390614
1,1,0.6092134117851739
1,1,0.5765227128712812
1,1,0.3750869946361219
0,1,0.3945040880986927
0,0,0.1158530255506363
0,1,0.5156066054473003
1,1,0.7140957644830546
1,1,0.4197994235080517
0,0,0.1501945736497825
0,0,0.21737540227505447
1,1,0.4316097422955981
1,1,0.3846211783220531
1,1,0.5128258032518797
0,0,0.11862845551534472
0,0,0.11748500326444516
0,1,0.5358863553513117
0,0,0.10451453717225605
0,0,0.11736785885464704
0,0,0.11914940322997646
0,0,0.05773649952927102
1,1,0.5376402261198086
0,0,0.05268631482023942
0,0,0.07739836495337805
0,0,0.1501000075185798
0,0,0.2350952065868187
0,1,0.5589484158798668
0,1,0.48465993077338426
0,0,0.16114689950700886
0,0,0.07522160860183687
0,0,0.13090220847029796
1,1,0.4775797273509849
1,0,0.14425731026720187
1,1,0.6085517567269706
0,0,0.039116443606956236
0,1,0.29549487268782
0,0,0.26790439536903193
0,1,0.6446685509287224
0,0,0.07394293355808929
0,1,0.3635661834878547
0,0,0.18205693417984756
0,0,0.04157444554890056
0,1,0.7286509222263117
1,1,0.5083898188814255
0,1,0.5775678701800461
1,1,0.5559546762870337
0,0,0.09263195848134556
0,1,0.6089021991872309
0,0,0.10942276005635738
0,1,0.6980709321602505
0,0,0.07146145109497622
0,1,0.6484006969005857
1,1,0.5396136475270609
1,0,0.1914704832008458
0,0,0.08267932961268508
1,1,0.4829685421519998
0,0,0.06556311460167161
0,0,0.14427880913252156
0,0,0.16884471215266691
0,0,0.0397691200144824
0,0,0.059501347719130696
0,0,0.07795628496494206
0,0,0.24438652282679849
0,0,0.2850448498110786
1,0,0.14260422799408787
0,0,0.07235190783358718
0,0,0.060953936683299896
0,0,0.12358085542488334
1,1,0.29288510900347414
0,1,0.46036499845764495
0,0,0.13530287950924258
1,1,0.6473802510187718
0,0,0.17655387730030578
0,0,0.08793706361077915
0,0,0.2286366027335812
0,1,0.42559870740622785
0,0,0.18658785026184121
0,1,0.5219806473289192
0,1,0.5442266899060137
0,0,0.0897963904898306
0,0,0.12956848536084836
0,0,0.0920890126268256
0,0,0.11255343977258937
0,0,0.20579971131232697
0,0,0.1557211885652908
1,0,0.164767655042536
1,1,0.613167704196377
0,1,0.5
0,1,0.5387422210248507
1,1,0.5
0,0,0.10882174524289508
0,0,0.19562656919741372
0,0,0.048044864219484826
1,0,0.08480193285439087
0,1,0.5178771679111883
0,0,0.0559717605154702
0,0,0.059643398531342075
0,0,0.1617707687538717
1,0,0.1724363663484371
0,0,0.04931843247353391
0,0,0.1460291753583352
0,0,0.051993837437036824
0,0,0.0788769065443803
1,1,0.5313942172263251
0,0,0.040901044497901266
0,0,0.09921096471949402
0,0,0.05804111978573032
0,0,0.004878568966799923
1,1,0.564319120518656
0,0,0.23832479021005176
1,1,0.379436305604241
1,1,0.6115611876165785
1,0,0.04210980072255996
0,0,0.04638482163184327
1,1,0.4689625776565042
0,0,0.1223346933058283
1,1,0.5844064236781152
0,0,0.14188702258608374
1,0,0.13040306616069477
0,0,0.007522782884334518
0,0,0.14079632727480323
0,0,0.11137284807185985
0,1,0.32811394205001554
0,0,0.08605285105980344
0,1,0.38988515016593567
0,0,0.02301669744798633
1,1,0.575773376834477
1,1,0.4840055022927155
0,0,0.12918702038973043
0,0,0.059402379719826
0,1,0.40396965418774633
0,0,0.27968529438296746
1,1,0.37410895419033224
0,0,0.2623321943806566
0,0,0.14921094902848275
0,0,0.04159101536742283
0,1,0.6228835120847066
1,1,0.37549173326201435
0,1,0.6546645243190402
0,1,0.42696197131966124
0,1,0.5487662269635296
1,1,0.3632884209259032
0,0,0.1486437011498459
0,0,0.08461077859449431
0,1,0.459415020446917
1,0,0.1318984023066433
0,0,0.08513113808200239
0,0,0.10121690919267053
0,0,0.17596139120655488
0,0,0.1036199355776838
0,1,0.48902430535649416
1,0,0.28589298890518083
0,1,0.336095518721235
1,0,0.19823378559427723
1,1,0.5190589508684155
0,0,0.12603365941717037
1,1,0.6514959119906039
0,0,0.1308067012968721
0,0,0.12393289006272695
0,1,0.42668501826615673
0,0,0.008987918276771836
0,1,0.2897168970503457
0,0,0.12120612448850884
0,0,0.017071145540052398
0,0,0.09480294026641022
0,0,0.09963570999083898
1,1,0.5352734521952826
0,0,0.12381311221744483
0,0,0.14050334530425634
0,1,0.3530797486081386
0,0,0.07439571242085086
0,0,0.1171585099844566
0,0,0.15682111397541687
1,0,0.07805250509599258
0,1,0.345312681010543
1,1,0.6213531335096043
0,0,0.024256772954561228
1,0,0.11225534326717844
1,1,0.4822174916873372
1,1,0.762579650629675
1,1,0.4290006344219913
0,0,0.03351688349447063
0,0,0.11449496988802307
0,0,0.1627642646029029
1,1,0.5454821601893125
1,0,0.05615919899711969
1,1,0.5705522983558007
0,0,0.1980501578967807
0,0,0.03154942827448129
0,1,0.4405740579677691
1,1,0.3824093045345361
0,0,0.06422367094201985
0,0,0.16090545993628336
0,1,0.6451102342230808
0,1,0.5240560674313314
0,0,0.1072305279806116
0,0,0.10279509308218865
0,0,0.11165222361358838
0,0,0.23008814836918465
0,0,0.10231419660065015
0,0,0.1090103415622757
0,0,0.03284604039311184
1,1,0.5878514684309
0,0,0.21972231999363034
0,0,0.20897193257197777
0,0,0.0745958866081412
0,1,0.41443303089925276
0,0,0.15975319197417912
1,1,0.5228848764393388
0,0,0.03785269945177766
0,0,0.14109693542738178
1,0,0.1977558717937136
0,1,0.3327034400768195
0,0,0.0773692385793358
0,0,0.01855630571098792
0,1,0.3868613080382979
0,1,0.2991577534253691
0,1,0.7059074945298026
0,0,0.11288011424340968
0,0,0.06898576158874059
0,0,0.14114912402643112
0,1,0.5658371879315339
0,0,0.06075135770635391
1,1,0.36131629240353574
0,0,0.12226436856799246
0,0,0.05641784252257511
1,1,0.3908302004787481
0,0,0.06394912095964926
1,0,0.10235208147096249
0,1,0.4199292722945463
0,0,0.03804340331238286
0,0,0.09393796768991906
0,0,0.061355486234925906
0,0,0.10764426610307712
0,1,0.5552960068465357
0,0,0.15177844764263707
0,0,0.026134876652536467
1,0,0.2581618753979293
0,0,0.28098116294450154
0,0,0.05106704827812522
0,0,0.10988419399760566
0,0,0.10539681880132525
0,0,0.09942785162880581
0,0,0.12355097946531206
0,1,0.5784347335481017
1,1,0.4835225145628731
1,1,0.518871349041667
0,1,0.5704100812681442
0,1,0.33236706690482054
0,0,0.09954168700756427
1,1,0.3945867633982873
0,1,0.527309006804444
0,0,0.010405264532364825
0,0,0.06079378833269981
0,0,0.08074041378899037
1,1,0.5333103380663179
0,0,0.16163043347419384
0,1,0.534714005168743
0,1,0.5314229938552872
0,0,0.04609296384339602
0,1,0.590091009822099
0,0,0.09834771911718783
0,1,0.585760010241959
0,1,0.40974347740344313
1,1,0.4281217498428268
0,0,0.054286704170384434
0,1,0.5
0,0,0.06446192040179835
0,1,0.4310224250043008
0,1,0.5192962443441789
0,0,0.11281627297431997
0,0,0.16865563232782077
0,0,0.03561488986004769
0,0,0.04557007786940183
0,0,0.07181205042869897
1,1,0.3116724471342827
0,0,0.15262900703737325
1,1,0.5738035688163172
1,0,0.15190302711018341
0,0,0.07114583051591217
0,0,0.11946792160793984
1,0,0.2411079244326183
0,0,0.2096055841692349
0,0,0.07604807330119871
0,1,0.2950581997481437
0,1,0.4892941349510154
0,0,0.0990222202987633
0,0,0.11888578446332897
0,0,0.2678042741155424
0,0,0.11802811999583644
1,1,0.5
1,0,0.08786507620459195
1,1,0.5247431973925337
0,1,0.3441503250627446
0,0,0.1430331889146122
0,0,0.1857891425773747
0,0,0.09996837078022376
0,1,0.5135062859685019
0,0,0.08095519597688892
0,1,0.3420062624390203
1,1,0.6903257108637868
1,0,0.20156488641713932
0,0,0.22463409112474897
0,0,0.15399433796496143
0,0,0.12277091740031472
1,1,0.5615599287162288
1,1,0.6991782635222052
1,0,0.19940296694811627
0,0,0.09410575362654514
1,1,0.6567469845857483
0,0,0.07271946045267
1,1,0.7524565652101228
0,0,0.1355888853509223
0,0,0.12257697284731671
0,0,0.10273094445898974
0,1,0.42061495766721113
0,0,0.08065276165557612
1,0,0.18063435822733595
0,0,0.05821238119402003
0,1,0.30129807350708065
0,0,0.1606787194265454
0,0,0.05773323060623045
0,1,0.5578598997876382
1,1,0.36350056875405934
1,1,0.6295619146185458
0,0,0.016415680804860354
0,1,0.5225808440838251
0,0,0.2242075842868116
1,0,0.23477944046681964
1,0,0.25820746424869223
0,0,0.15669122170693345
0,0,0.12267277404938909
0,1,0.5393368378085086
1,1,0.7862585037090558
1,1,0.775195571626104
1,1,0.5373155434455216
1,1,0.5077484295223059
0,0,0.1075016062651465
0,0,0.24079660797092853
1,1,0.4411542912914464
1,1,0.32911418571459766
0,0,0.0978450082569488
1,0,0.21886294164178494
0,1,0.2938973843165006
0,0,0.04036317646891519
0,0,0.10954911403540492
0,0,0.024410992594082474
0,0,0.09680314418226893
0,1,0.5411832668054921
0,0,0.11701328349722111
0,0,0.09776116153470459
0,0,0.06659628582095027
0,0,0.06550924923321995
1,1,0.5832369312173945
0,0,0.05413245495980417
0,0,0.07113888779880195
1,1,0.6323573890915664
0,0,0.06699087380041366
0,1,0.5
0,0,0.12469354455081355
1,1,0.5860055956889946
1,1,0.6054716009313897
0,0,0.046336844998722246
0,0,0.09739785618002127
0,0,0.08044706969867257
1,1,0.4183051482163374
0,0,0.06623514001534833
0,0,0.1262780006953271
1,1,0.4642138477549276
0,0,0.11780781225565559
1,1,0.5812079154020111
0,1,0.5735009632875454
0,0,0.048296615195487815
1,0,0.04473291827917642
1,0,0.15056482442326438
0,0,0.13770532265633798
0,0,0.055724980131032054
0,0,0.11321043535190027
0,0,0.157310556971313
0,0,0.09372905864115569
1,0,0.16840311121239088
0,0,0.1561510732868967
0,0,0.15872707683280782
0,0,0.04835602766741343
0,0,0.05634933812149151
1,1,0.5390753607725074
1,0,0.1635125854318838
0,0,0.0688990390638007
1,1,0.529800829291401
1,1,0.5241070357803399
0,0,0.11471950198617152
0,0,0.10306478039548496
1,0,0.15589018187516848
0,0,0.07167296345166833
1,1,0.5750399986438517
1,1,0.5234041902337678
0,1,0.5622102666819199
1,1,0.6453435713343622
0,0,0.048894615411714394
1,0,0.1689420617971704
0,0,0.12329843432489296
0,1,0.5794772659979434
0,0,0.06751619161034372
0,0,0.1492106264031832
0,0,0.1200350731888266
1,0,0.17973390639419032
0,0,0.14161619385463767
0,0,0.1187689878573364
0,1,0.5654004776535975
0,0,0.28373168063143905
0,0,0.014635945471954917
0,0,0.11081335222894019
0,0,0.2594813868319541
0,0,0.07610393524733863
1,1,0.6332492514730443
1,1,0.47153990355761627
1,0,0.12505889280929505
1,1,0.4383499183623631
0,1,0.3203381335695316
1,0,0.0729410558552407
1,1,0.5052933750434402
1,1,0.5850536280782144
0,0,0.05943766219489147
0,0,0.05403205285784218
0,0,0.13861807147196814
0,1,0.47536939682133444
0,0,0.06286600735803201
0,0,0.1277637425447712
0,0,0.11774523481435852
0,0,0.10379229937808575
0,1,0.572760352186702
0,0,0.10952658685208512
0,0,0.11233774296151067
0,1,0.4193123655405998
0,0,0.19823904244465917
0,1,0.3738002440671651
0,0,0.08952988405932662
0,1,0.5
0,0,0.020236109054442675
0,0,0.15904135051965643
0,0,0.1852907499285841
1,1,0.547037754579575
0,0,0.0029393073472599785
0,0,0.12847828048680704
1,1,0.3517948801092982
1,1,0.6825817756722626
1,0,0.06233768518807815
0,0,0.0020688864917148687
0,0,0.0978101530449772
0,0,0.08519378413449433
0,0,0.15042574775962547
0,1,0.5232557656614102
1,1,0.36905940943692245
0,1,0.37421547013942796
1,1,0.3164564397960758
0,1,0.5893764896733903
0,0,0.2789301360842083
0,0,0.06202234490313837
0,0,0.045372459007076676
0,0,0.1246076188015544
1,1,0.5591758783251436
0,0,0.06606587837406079
1,0,0.0902161991290884
0,0,0.07425567333272406
0,0,0.16126386794665465
0,0,0.0733642487079612
0,0,0.17746827960845543
0,1,0.3029911918926325
0,0,0.10390690620015458
0,0,0.013048707346844577
0,0,0.10179177439614308
0,0,0.12341656076816236
0,0,0.052180093096680646
0,0,0.1539584826641052
1,1,0.5997244100092028
0,0,0.061531632801421834
0,0,0.0967468952433392
1,1,0.7613190020513448
0,1,0.4892693330056986
0,1,0.5446102293515469
1,1,0.7682313478845909
1,1,0.5198601843262264
0,0,0.02447972932185384
0,0,0.10147302698790656
1,0,0.17171762838555804
0,1,0.539313988389454
0,0,0.13131611287455439
0,0,0.07872143494523808
0,0,0.06015060141648233
0,0,0.18976959022056902
0,1,0.4821276488861362
0,0,0.12808981424356408
0,1,0.3492996239506904
0,1,0.6961550544958958
0,0,0.01144538608414173
1,1,0.5474402072007948
1,1,0.5491573147553941
0,0,0.08478460933198016
1,1,0.3574581903200031
0,0,0.09415190142663792
0,1,0.7244106592200799
0,1,0.5620129540030557
1,1,0.49350418777812727
0,1,0.40605016904547453
0,1,0.3489434042071727
0,0,0.0953884367557885
0,0,0.04458434428552139
1,1,0.5670309958773517
0,1,0.5276058303334896
0,0,0.16214275834699776
1,1,0.5858850816629277
1,0,0.241422477404242
1,1,0.4368395259642749
0,1,0.5358110485820768
0,0,0.03617095976392211
0,0,0.02535893090055832
1,1,0.41444365441499886
0,0,0.06793423594337175
0,0,0.02319088625694498
0,0,0.06137361169197676
0,0,0.19050309974297977
0,0,0.04306403634216558
0,0,0.15973307501932255
0,0,0.16951828209894806
1,0,0.051802886331564976
1,1,0.47962626877334397
0,0,0.10438404845739228
0,1,0.5224942756101919
0,0,0.09674424542519575
1,1,0.5619455289555156
0,1,0.3987094677798321
0,1,0.5499185352371879
0,1,0.7660742261853101
0,1,0.30562635851344494
0,0,0.02474396058099613
0,0,0.12193581472921865
0,0,0.0959020168211494
0,1,0.33161486489453856
1,1,0.6005325512109794
0,0,0.06260916081309645
0,1,0.4759098285286618
1,1,0.5482561605349922
0,1,0.6455019901440714
1,1,0.30089601236181535
0,0,0.038647701089095814
0,0,0.012375131016400776
0,0,0.11687873148917072
0,0,0.05261051078156997
0,0,0.03419470452544342
0,0,0.06241863416230171
1,1,0.3087625443893401
0,0,0.03896907010089305
0,0,0.099914134834054
0,1,0.30108143471155074
0,0,0.16690624390858352
1,1,0.5876747338587095
0,0,0.12246670634401216
0,0,0.14736286254874165
0,0,0.09048846179220718
0,0,0.04505658863364494
0,0,0.04989954446591002
1,1,0.5316715440394626
0,0,0.03940497204370051
1,0,0.045454696320717795
1,0,0.216183103926096
0,1,0.5
1,1,0.5620589114073863
0,0,0.005866961134538761
0,1,0.7619274771572645
0,0,0.03961851693875636
0,0,0.061539515480305215
0,0,0.04109406862492225
0,0,0.07359912355015351
0,1,0.44632729630569706
0,0,0.11869050271213731
0,0,0.08713101098835849
0,1,0.5
0,0,0.22050083631104542
0,0,0.11177766727258927
0,0,0.07197403598304492
1,1,0.5375549548422339
0,1,0.5387079713771274
0,0,0.06626376489002866
1,1,0.4809923617834332
0,1,0.6549128049000454
1,1,0.5339307629454703
0,0,0.11268147667135703
0,0,0.09127990577048989
0,1,0.481915465709419
0,0,0.02638515047972349
0,0,0.08178665312461081
0,0,0.09702238554228351
0,0,0.08618169564555662
1,1,0.5370619801571614
0,0,0.02734773029225371
1,1,0.5492659989389038
1,1,0.5137329567907158
1,1,0.5188139966054376
0,0,0.22907482775540772
0,0,0.04370098670727324
1,1,0.5548498895390578
0,1,0.47980533279107523
0,0,0.24542383144277372
0,0,0.05628083799330195
0,0,0.10850020435129895
0,0,0.03368924592819487
0,1,0.6539480302865743
0,0,0.13120562838435984
1,0,0.18817338429953961
0,0,0.2260557723846869
0,0,0.1139696271293311
1,1,0.5412556601723564
0,0,0.11754784145897264
0,0,0.0784851371500009
1,1,0.634951398554401
0,0,0.07494070665764921
1,0,0.0595221322716789
0,0,0.048781991951715065
0,0,0.07144614566462461
0,1,0.35295120892468523
0,0,0.05986274290503571
1,1,0.3536965912034312
0,0,0.1635125854318838
1,1,0.3060737509022638
0,1,0.4484776999274111
0,1,0.33117687434459225
0,0,0.07129182663118032
1,0,0.15457720241501055
0,0,0.03365970101193149
0,0,0.07489656650523732
0,1,0.39884533845030107
0,1,0.4026886394738508
1,0,0.1982825283589448
0,1,0.5398742694823497
0,0,0.012596256090700456
0,0,0.051705533074942904
0,0,0.08897001464119951
0,0,0.2262007000479851
0,0,0.2666141025874147
1,1,0.5653359649830255
0,0,0.22019822496888877
1,1,0.3931464927768553
1,1,0.5889551791920121
0,0,0.14988397412388368
0,0,0.07582416486704378
0,0,0.2612138638908374
0,0,0.057628653784160024
1,1,0.551357681437806
0,1,0.5307642464488196
1,1,0.5342240039112963
0,0,0.05455675675028148
0,1,0.3836522075882384
0,0,0.04865334823362537
0,0,0.12116743164638155
0,1,0.5
0,1,0.4423980032486547
0,1,0.5796369657964362
1,1,0.3695477881203361
0,0,0.10098496028140394
0,1,0.4517355625763193
0,0,0.12464022774000444
1,1,0.5462785277301948
0,0,0.05035722956811479
1,1,0.5860607226370105
0,0,0.03375409811710087
0,1,0.5373662126461651
0,0,0.12575723657942908
0,1,0.8108925451914871
0,0,0.10179282071892999
0,0,0.15806128312293324
0,0,0.2671573589716323
1,1,0.6130128392653377
0,0,0.1168536176958313
0,1,0.5555972340040822
1,1,0.6266597838604512
1,0,0.16067963405713998
0,1,0.35743105690954896
1,0,0.0780265198447409
1,1,0.6317455065958796
0,0,0.13294712759257238
0,1,0.5395956584984651
1,1,0.49354725544143463
0,0,0.06323509805499225
0,0,0.08743619675512676
0,0,0.10586862094329565
0,0,0.12110809610621663
0,0,0.05375684173462889
0,1,0.6094635654288401
1,1,0.5641576054469233
0,0,0.071409075550536
1,0,0.038795803713329434
0,0,0.13042334335665057
1,1,0.5241162970053554
0,0,0.07991552198001618
0,0,0.13715747243747745
0,0,0.16301340027882438
0,1,0.64071883611951
0,0,0.06591064175344044
1,0,0.06770363509063476
0,0,0.1889941692799468
0,0,0.14936250111178448
0,0,0.025727482510389265
0,1,0.5472151490164708
0,1,0.6050810872131666
0,0,0.05408444901011516
0,1,0.5363103733724371
0,0,0.11000954199017254
1,1,0.6545142509427837
0,0,0.022162230490982145
0,0,0.1860735878406055
0,1,0.7053878833843737
0,0,0.021092213881767147
0,1,0.46075620874380274
0,0,0.1120222832556552
1,1,0.7132629520119486
1,1,0.5721130046696523
1,1,0.4870903581054461
1,1,0.5943636157260191
1,0,0.061176239402886815
0,1,0.5380126851078126
0,0,0.10007907868376663
1,1,0.5532899825467971
0,0,0.25741181771735533
0,1,0.36925602602915136
0,1,0.5606661607561116
1,1,0.5395820243025023
0,0,0.154500154521471
1,1,0.547921476613861
0,0,0.09876242913844728
1,1,0.5870594448075619
0,1,0.41833261480168954
0,0,0.057021061491681596
0,0,0.06121203608644445
1,1,0.7330653177827129
0,1,0.5812309321947309
0,0,0.09674130064781204
0,0,0.04337953568584957
0,0,0.13394429348723305
0,0,0.12378424963328147
0,0,0.1803820892630213
0,1,0.5452603018754072
0,0,0.1029443642109772
0,0,0.05716066554617292
0,1,0.4549098830112036
0,1,0.3972784765424012
0,1,0.6665213716448568
1,1,0.5804899893003456
1,0,0.2753296653430497
0,0,0.14355427968397433
0,0,0.11877554679769659
0,0,0.1117807693006603
0,0,0.07976518770489359
0,0,0.12181485186722095
0,0,0.0549623521659224
1,1,0.5408608633872535
0,1,0.3224357914064081
0,1,0.37001703377470296
0,0,0.12592533443394366
0,0,0.06584862776933702
1,0,0.18952015695103716
0,1,0.5
0,1,0.6457300098114133
0,1,0.6104167261880677
1,0,0.13429237368188132
1,1,0.47133537091156485
0,0,0.10935302158301434
0,1,0.5374297300045089
0,0,0.18240901196485676
0,1,0.5231933718730069
0,0,0.08616109271657375
0,0,0.12399836244524597
0,0,0.07356874357061315
1,0,0.12478010369700117
0,0,0.07751951141885585
1,1,0.5275306687166628
0,0,0.04503037140838292
0,0,0.08713384895941771
0,1,0.38225447530016327
0,0,0.052358104158372124
0,1,0.2949830682006603
0,0,0.0821896660915658
0,0,0.11497143779192211
0,0,0.0539572707137313
0,0,0.031711548369309124
0,0,0.11193462300398992
0,1,0.4144200839597952
1,0,0.16338767491967163
0,0,0.005972851877364015
0,0,0.06077982934386846
0,1,0.49057680620364275
0,0,0.1084435104522749
1,0,0.16226690724335427
0,0,0.11721633399509979
0,0,0.062293458768858175
0,1,0.6268392326825193
0,1,0.33403594008635323
0,1,0.572208530163478
0,0,0.06086604245936685
0,0,0.07030476708341016
0,0,0.187170371617984
0,0,0.1511032211428958
1,1,0.5386651681523164
0,0,0.12729319442850345
0,0,0.10713812539936951
0,0,0.07118672018782429
0,0,0.20010450007332567
0,0,0.11859907602806397
1,1,0.5350863690637643
0,0,0.0847405105122221
0,0,0.22856940313137147
0,0,0.02533183723130465
0,0,0.00937521107458441
1,0,0.16225547010441033
0,0,0.07376173667476134
0,0,0.03510634701940931
0,1,0.5457292697848949
1,1,0.41468846931011455
0,0,0.11045558492926562
0,0,0.04366345462573701
0,0,0.11112480775774107
0,1,0.3776944018455448
0,0,0.061518524451489
0,0,0.03764778368698197
1,1,0.6460684408966572
0,0,0.09452278118999914
1,1,0.6028320573437559
0,0,0.057259461153140845
0,0,0.03135878355000861
1,1,0.4592134836155847
0,0,0.04520169154268028
0,1,0.34210587297723855
1,1,0.5299695568577909
0,0,0.1289586073858587
1,1,0.5350612971710527
0,0,0.21685092504128567
0,0,0.10727084040826966
0,0,0.07184984380730436
0,0,0.18132232327091607
0,1,0.34357705089147306
0,1,0.312359997159444
0,1,0.408053158272708
0,1,0.5309868454361035
0,1,0.3231190804020207
0,0,0.18555655316362235
0,0,0.06575988652346311
1,1,0.5793146926581852
0,0,0.15841995700143482
0,0,0.12061572675465332
0,0,0.05012024148745601
0,1,0.5179857654505984
1,1,0.6252605655932219
0,1,0.5707800709400296
0,0,0.26456139605128326
0,0,0.05574931392568934
0,0,0.09174907499966956
1,1,0.6630976708509753
0,0,0.1336393219996713
1,1,0.5350897902628157
0,0,0.14499197054739593
0,1,0.5580820808668933
1,1,0.5397725000604688
0,1,0.5550503715483524
0,0,0.06199154259822972
0,0,0.003416716285193673
0,0,0.1613994648947796
0,0,0.012134341785120446
1,0,0.05436658876476851
1,0,0.05010514279761401
1,1,0.4939824594161418
0,1,0.5171783240049701
0,0,0.10697268140008659
0,1,0.4875903219835134
0,0,0.11276651659705073
0,1,0.6474486550048757
0,0,0.18379980306564214
0,0,0.08150853011801995
1,1,0.577090788924271
0,0,0.12372829455278947
0,0,0.07425972344770936
0,1,0.5313739166414687
0,0,0.10893541030735446
0,0,0.063607926982401
0,0,0.10113448193417718
1,1,0.6846560109037977
1,1,0.5588605108880357
1,1,0.7053465524990462
0,1,0.7495746942972005
1,1,0.5
0,0,0.07991929060676736
0,0,0.14292101353144004
0,1,0.5697660570396047
0,0,0.04322890003391527
0,1,0.3832195156808755
0,1,0.5711617716083498
1,1,0.5165709065639909
0,0,0.07834833230163242
0,0,0.009592267861764687
0,0,0.08084598594934726
0,0,0.011994006603441097
0,1,0.3663620048912099
1,1,0.5937858710140955
0,0,0.10741846427765221
1,1,0.44573904474906056
0,0,0.1568523056322162
1,1,0.3210600602597519
1,1,0.6207855089508157
1,1,0.5378514433278411
0,1,0.5398189559200847
1,0,0.040192538662186875
0,0,0.07301391400615592
0,0,0.12169094981918376
0,0,0.09048742316500785
1,0,0.015380579412965462
1,1,0.6047837118160769
0,0,0.21095123922643957
1,1,0.5517701999342364
0,1,0.3395472633562533
1,1,0.5568244283796956
1,0,0.2840244608862158
0,1,0.4830883821067876
0,0,0.010225445555925198
0,0,0.10001699849855755
1,1,0.40848845496364566
0,0,0.10815355162257623
1,1,0.5
1,1,0.6381386759037245
1,1,0.6064915221173741
1,1,0.2995800887154788
0,0,0.1595718966163881
0,0,0.11505016021383559
1,1,0.5232263342762263
1,1,0.5916064790723161
0,0,0.11646296385664283
0,0,0.009690556597431736
0,0,0.025115480318908198
0,0,0.05449320673191671
0,0,0.0610359895658122
0,0,0.03669246217936086
0,1,0.6006048383937459
0,1,0.5697765740134892
1,1,0.5
0,0,0.01532276479326246
1,1,0.5938910985810786
0,0,0.10043213039446737
0,0,0.09879624226541532
1,1,0.6657834202410843
0,0,0.12885603255936734
0,0,0.09149778347128595
1,0,0.12552038980081076
0,1,0.4494790646166226
0,0,0.08751229957111098
0,0,0.09409311522671306
0,0,0.12188718827632529
1,1,0.6080452482912558
0,1,0.3721722568077491
1,1,0.7707710548860648
0,0,0.02063258538867575
0,1,0.5539857692699157
0,1,0.5265054287051996
0,1,0.6322154127852851
0,0,0.15195459487640536
0,0,0.07105473259929392
0,0,0.13499710770365228
0,0,0.09094497891198836
1,1,0.5772214695577378
0,0,0.04618851472180049
0,0,0.06068635895630906
1,1,0.35033993815087194
0,0,0.23656512271536634
0,0,0.11204831088312747
0,0,0.058213536106792606
0,0,0.0598614997574306
1,0,0.15191075799680628
0,0,0.21468269137288415
0,1,0.4393586755802559
0,1,0.6124963241008188
0,0,0.0679545911178105
0,0,0.060675066375656526
1,1,0.6252619109065727
0,0,0.2128235220162917
0,1,0.5355975532176946
0,0,0.062476202560075716
0,1,0.6130484392276146
1,1,0.5326406065805825
1,1,0.3033055681424288
0,0,0.16384802405605453
0,0,0.09590231485967558
0,1,0.3779223313821934
1,1,0.608958097957575
0,1,0.5475139972677338
1,1,0.5314696131868379
1,1,0.5908378720544788
0,1,0.5649346308313745
0,0,0.0159405577492952
0,0,0.048622239762482776
0,0,0.10712018585587992
1,1,0.5734425013655151
0,0,0.01148262215856488
0,1,0.39493277747000044
0,0,0.1256524725611772
1,1,0.6563770662639503
0,0,0.12192948918248851
0,1,0.36891538504739607
1,1,0.5481827069235716
0,0,0.015283464899287724
0,0,0.10358245030407996
0,0,0.0993327962778613
0,0,0.07347839650337798
0,0,0.17003306226908388
0,0,0.03812569600467572
0,1,0.44014198447615843
0,0,0.11436505076152938
0,0,0.10375143884105735
0,1,0.48098795328147104
1,0,0.17473497975205032
0,0,0.06706331089005738
0,1,0.5
1,1,0.6186000964898528
0,1,0.33197225040300515
1,1,0.5622102666819199
0,0,0.11145713852686318
1,1,0.3283205101239413
0,1,0.3085190763075852
0,0,0.05704619471306859
1,1,0.553917118829014
0,0,0.0920588557036306
1,1,0.5402411599943542
0,0,0.014375027881085222
0,0,0.077426852509268
0,0,0.04672446191661319
0,0,0.027225239696301293
0,0,0.04958166288797738
0,0,0.04689522980940401
0,0,0.16445889874547195
1,1,0.533402759315761
0,0,0.06496236406452965
0,1,0.5545915920188438
1,1,0.4833936718578698
0,1,0.34391332355645077
0,0,0.05119552790583385
0,0,0.1241376353238927
1,1,0.5364138999213971
0,1,0.30180694538254904
1,0,0.15442670656575377
1,1,0.3635645800244295
0,0,0.12210588681086934
0,0,0.18422862385693628
0,1,0.42134745586852473
0,0,0.030585173506716596
0,0,0.09480746152797866
0,1,0.5451834918732548
1,1,0.5957861228903084
0,1,0.5501430841290978
1,1,0.5392458733800628
0,0,0.09491544538259783
1,1,0.5540033024473392
1,1,0.5419434490414045
0,0,0.12223955739920704
0,1,0.29139023371531714
1,1,0.3653279418362683
0,0,0.14455386539943213
0,0,0.17886749123389287
0,1,0.34748286898898795
0,0,0.01734329785733975
0,0,0.09133426353381201
0,1,0.5575217197137278
0,1,0.5687392807592607
1,1,0.568588865800714
0,0,0.03557699167557552
0,0,0.0240254903912967
0,0,0.12178042364030006
0,0,0.22838792208378048
0,0,0.10218665001845077
0,0,0.032661958991819694
0,1,0.44746710184194455
0,0,0.007154132392051653
1,1,0.3457567518533214
0,0,0.05216591673462269
0,0,0.11436530661340237
0,1,0.4780167775331182
0,0,0.1447922873553858
1,1,0.5808735690177659
0,0,0.1585991309790198
0,0,0.07067553062976066
0,0,0.10034849852082858
1,1,0.2944695077693279
0,0,0.03394038508625999
1,1,0.6180562718251832
0,0,0.08958118749568414
1,1,0.3890742318435403
0,1,0.4037550621074258
0,0,0.09455912827070237
0,0,0.14202630851814824
0,0,0.15551065513593812
1,1,0.7108889761821588
0,0,0.1120213087742792
0,0,0.2733811023287858
0,1,0.2882283666514602
1,1,0.3121337838948513
0,0,0.2162710162054968
1,1,0.314075229929365
1,1,0.5150195196618346
0,0,0.06677021595274364
0,0,0.082655588875888
0,0,0.04574537440230072
1,1,0.40498576988108204
1,1,0.5111332386968522
0,0,0.053649949867133215
0,0,0.06393892309208594
0,0,0.07235789947795938
0,0,0.12170161595613194
0,0,0.05213508467653494
0,0,0.033832793296453514
1,1,0.6396013226761464
1,0,0.25656422250570904
0,0,0.034988165228346656
0,1,0.4804254574875196
0,0,0.18593922760526935
0,0,0.07468613542009193
1,1,0.6015460400611227
0,0,0.1203167955642192
0,1,0.3875601059464869
0,1,0.5306616948982049
0,0,0.09445225393653775
0,0,0.10731584194919325
0,0,0.11351423815418842
0,0,0.21668233099121906
0,0,0.2220298833732775
1,0,0.12715838037107516
1,0,0.04347154191025272
0,0,0.2430423643966885
0,1,0.3206822492623551
0,1,0.43030195949441974
1,1,0.5400299030571624
0,0,0.12198078466210975
0,1,0.41466342979066684
0,0,0.20905993408751836
0,0,0.008431576226480776
0,0,0.09760920046924523
0,0,0.25102821849397444
1,1,0.5560368576275617
1,1,0.45983257759248003
0,0,0.03804730976594093
0,0,0.033027192862932445
1,1,0.4133869004423262
1,0,0.18566555756425188
1,1,0.5993290959945682
0,0,0.02868992924418435
0,1,0.7142820968292091
0,0,0.28306990210046185
0,0,0.09186186068758734
0,0,0.24511768002102355
1,0,0.08055350382414563
0,1,0.5822362986188183
0,0,0.04371851567091561
1,1,0.4941143079033102
0,0,0.042135174768413206
0,1,0.5472482317864664
0,1,0.33462198722125563
0,0,0.06150551978436699
1,1,0.45088545412255926
0,0,0.051350948395845177
0,1,0.5707608760639284
0,1,0.5201542028491767
0,0,0.1652693244326254
0,0,0.11027681433839412
1,1,0.5168326226721827
0,0,0.0044167901744571955
0,0,0.0505721188284402
0,0,0.10381481565118811
0,0,0.0681114668668572
0,0,0.06616638665697602
0,0,0.05984900358468613
0,0,0.14114705173584471
0,0,0.09500400549939714
0,0,0.0943185457382909
