customerID,Churn
0604-THJFP,No
4059-IIEBK,Yes
2228-BZDEE,No
2839-RFSQE,No
5360-LJCNJ,No
7752-XUSCI,No
8277-RVRSV,No
3530-CRZSB,No
2845-HSJCY,Yes
0336-KXKFK,No
7044-YAACC,Yes
5396-IZEPB,No
3317-VLGQT,Yes
6967-PEJLL,No
2091-MJTFX,No
2034-GDRCN,Yes
8676-TRMJS,Yes
6298-QDFNH,Yes
0701-TJSEF,No
5743-KHMNA,No
0613-WUXUM,No
3137-LUPIX,No
3716-UVSPD,Yes
4800-CZMPC,No
5144-PQCDZ,No
9286-DOJGF,No
6258-NGCNG,No
1335-MXCSE,No
6322-HRPFA,No
6646-QVXLR,No
6941-KXRRV,No
3716-BDVDB,Yes
2465-BLLEU,No
1525-LNLOJ,No
0390-DCFDQ,Yes
0258-NOKBL,Yes
6303-KFWSL,No
1194-BHJYC,No
5049-GLYVG,No
1685-VAYJF,No
2348-KCJLT,No
6425-JWTDV,No
3022-BEXHZ,No
0670-ANMUU,No
6349-JDHQP,No
0961-ZWLVI,No
9289-LBQVU,No
4759-PXTAN,No
6695-AMZUF,No
9114-AAFQH,No
9992-UJOEL,Yes
1776-SPBWV,No
3692-JHONH,Yes
7495-OOKFY,Yes
5982-PSMKW,No
3298-QEICA,No
8757-TFHHJ,Yes
5022-JNQEQ,Yes
2418-TPEUN,No
4229-CZMLL,Yes
0191-EQUUH,No
3099-OONVS,No
0491-KAPQG,Yes
1090-ESELR,No
2208-NKVVH,No
9496-IVVRP,No
5016-LIPDW,No
8204-TIFGJ,No
7684-XSZIY,No
0440-QEXBZ,No
6285-FTQBF,No
3707-GNWHM,Yes
0019-GFNTW,No
8988-ECPJR,No
9397-TZSHA,No
1989-PRJHP,Yes
3587-PMCOY,Yes
8292-FRFZQ,No
1775-KWJKQ,No
6137-MFAJN,No
1395-WSWXR,No
9046-JBFWA,No
9871-ELEYA,No
6712-OAWRH,No
2361-UPSND,No
4817-KEQSP,No
2842-BCQGE,No
4190-MFLUW,No
1640-PLFMP,Yes
6635-CPNUN,No
6620-HVDUJ,No
4706-AXVKM,Yes
5495-GPSRW,No
6847-KJLTS,No
1023-BQXZE,No
4806-DXQCE,No
5360-XGYAZ,No
8631-WUXGY,No
3780-YVMFA,No
7971-HLVXI,No
9842-EFSYY,No
0277-BKSQP,No
9154-QDGTH,No
1208-NBVFH,No
0866-QLSIR,No
9667-TKTVZ,Yes
0611-DFXKO,No
8040-MNRTF,Yes
8107-KNCIM,Yes
8938-UMKPI,Yes
0670-KDOMA,No
0428-IKYCP,No
0506-YLVKJ,No
3133-PZNSR,No
2335-GSODA,No
0970-ETWGE,Yes
9576-SYUHJ,Yes
7606-BPHHN,No
3108-PCCGG,No
6022-UGGSO,No
3506-OVLKD,No
7473-ZBDSN,No
6766-HFKLA,No
9139-WQQDY,No
4846-WHAFZ,Yes
8896-BQTTI,No
3727-RJMEO,Yes
3889-VWBID,No
7688-AWMDX,No
6752-APNJL,No
1270-XKUCC,No
1024-GUALD,Yes
6997-UVGOX,No
4317-VTEOA,Yes
2725-TTRIQ,No
0307-BCOPK,No
6372-RFVNS,Yes
4749-OJKQU,Yes
5575-TPIZQ,No
7706-DZNKK,No
8092-NLTGF,No
6295-OSINB,No
1956-YIFGE,No
6463-MVYRY,No
4695-VADHF,No
5630-IXDXV,Yes
0813-TAXXS,No
4445-ZJNMU,Yes
5356-KZCKT,No
4644-PIZRT,No
8181-YHCMF,No
0742-MOABM,No
6362-QHAFM,Yes
3161-ONRWK,No
0952-KMEEH,Yes
6047-SUHPR,No
4412-YLTKF,Yes
1227-UDMZR,No
1223-UNPKS,No
7762-ONLJY,No
0430-IHCDJ,No
4967-WPNCF,No
3021-VLNRJ,No
9103-TCIHJ,No
0835-JKADZ,No
2346-DJQTB,No
3301-LSLWQ,No
5970-GHJAW,No
2834-JKOOW,No
2188-SXWVT,No
8421-WZOOW,No
9968-FFVVH,No
1391-UBDAR,Yes
0134-XWXCE,No
7296-PIXQY,Yes
6047-YHPVI,Yes
0895-LMRSF,No
0004-TLHLJ,Yes
2907-ILJBN,No
7306-YDSOI,No
4475-NVTLU,No
9710-ZUSHQ,No
6946-LMSQS,Yes
8601-QACRS,No
4231-LZUYM,No
8380-PEFPE,Yes
2867-UIMSS,Yes
9814-AOUDH,No
4032-RMHCI,No
1452-KIOVK,No
4365-MSDYN,No
0383-CLDDA,No
1293-HHSHJ,No
9822-OAOVB,Yes
7249-WBIYX,Yes
6652-YFFJO,No
9128-CPXKI,No
5127-BZENZ,No
5924-SNGKP,No
2919-HBCJO,Yes
5622-UEJFI,No
2000-MPKCA,No
4830-FAXFM,No
7629-WFGLW,No
6259-WJQLC,No
4854-CIDCF,Yes
2074-GUHPQ,No
7579-OOPEC,Yes
8714-EUHJO,Yes
1707-HABPF,No
2860-RANUS,No
5150-ITWWB,Yes
4690-LLKUA,No
5716-LIBJC,Yes
2485-ITVKB,Yes
1357-MVDOZ,No
3926-YZVVX,No
0668-OGMHD,No
7279-BUYWN,Yes
7338-ERIVA,No
8049-WJCLQ,No
0388-EOPEX,No
3296-SILRA,Yes
8920-NAVAY,No
1834-ABKHQ,No
3043-TYBNO,Yes
2573-GYRUU,No
0979-PHULV,No
4918-FYJNT,Yes
3930-ZGWVE,No
5766-ZJYBB,No
0121-SNYRK,No
3174-AKMAS,No
1212-GLHMD,Yes
6741-EGCBI,No
6248-TKCQV,No
9489-JMTTN,No
1568-LJSZU,No
5126-RCXYW,No
6961-MJKBO,No
9174-IHETN,No
4160-AMJTL,No
2257-BOVXD,No
1550-LOAHA,No
1972-XMUWV,No
2088-IEBAU,No
0825-CPPQH,No
2070-FNEXE,No
1731-TVIUK,Yes
1697-NVVGY,No
6754-WKSHP,No
7036-ZZKBD,No
2203-GHNWN,No
8722-PRFDV,No
7527-QNRUS,No
7861-UVUFT,Yes
3563-SVYLG,No
0431-APWVY,No
1656-DRSMG,No
2027-FECZV,Yes
6857-TKDJV,No
0841-NULXI,Yes
3891-PUQOD,Yes
1229-RCALF,No
2122-SZZZD,No
2386-LAHRK,Yes
9112-WSNPU,No
9127-FHJBZ,No
5301-GAUUY,No
2139-FQHLM,No
8325-QRPZR,Yes
5129-JLPIS,No
3796-ENZGF,No
6769-DYBQN,No
5312-TSZVC,No
1205-WNWPJ,No
6328-ZPBGN,Yes
3392-EHMNK,No
9224-VTYID,No
2843-CQMEG,No
4701-AHWMW,No
1894-IGFSG,No
0665-XHDJU,No
6174-NRBTZ,No
7067-KSAZT,No
1140-UKVZG,No
4248-QPAVC,No
6698-OXETB,No
5574-NXZIU,No
0959-WHOKV,Yes
2458-EOMRE,No
9933-QRGTX,No
0690-SRQID,No
1150-WFARN,No
0363-QJVFX,No
0744-GKNGE,No
6685-GBWJZ,No
5133-VRSAB,No
5702-KVQRD,No
5057-RKGLH,No
9378-FXTIZ,No
6710-HSJRD,No
1074-WVEVG,No
0678-RLHVP,Yes
1820-TQVEV,Yes
1635-FJFCC,No
0123-CRBRT,No
4905-JEFDW,No
7401-JIXNM,No
8990-YOZLV,No
1092-GANHU,No
5207-PLSTK,Yes
2144-BFDSO,No
9624-EGDEQ,No
7157-SMCFK,No
4174-LPGTI,No
9391-DXGGG,No
8807-ARQET,No
9644-KVCNC,No
5736-YEJAX,No
0023-UYUPN,No
1915-OAKWD,No
8033-VCZGH,Yes
1436-ZMJAN,No
9507-EXLTT,Yes
3966-HRMZA,Yes
9586-JGQKH,No
9453-PATOS,No
8261-GWDBQ,No
4813-HQMGZ,Yes
2883-ILGWO,No
5949-HGVJL,No
6754-LZUKA,No
6198-ZFIOJ,Yes
7409-KIUTL,Yes
4323-SADQS,No
2068-WWXQZ,No
1936-UAFEH,No
5236-PERKL,No
8189-HBVRW,Yes
1370-GGAWX,Yes
1200-TUZHR,Yes
4851-BQDNX,No
8319-QBEHW,No
4250-WAROZ,No
7072-MBHEV,Yes
8245-UMPYT,Yes
9522-BNTHX,No
9646-NMHXE,No
1062-LHZOD,Yes
1035-IPQPU,No
8024-XNAFQ,No
7205-BAIAD,No
8083-YTZES,Yes
4919-IKATY,Yes
8975-SKGRX,No
4029-HPFVY,Yes
3519-ZKXGG,Yes
5214-CHIWJ,No
0936-NQLJU,No
8873-GLDMH,Yes
7952-OBOYL,Yes
5334-JLAXU,No
7529-ZDFXI,No
4735-ASGMA,Yes
2338-BQEZT,No
1493-AMTIE,No
2676-SSLTO,No
5876-HZVZM,No
8375-DKEBR,Yes
7776-QGYJC,No
2866-IKBTM,No
0214-JHPFW,No
3334-CTHOL,Yes
7470-MCQTK,No
0016-QLJIS,No
5956-YHHRX,Yes
3933-DQPWX,No
7750-EYXWZ,No
9040-KZVWO,No
3677-IYRBF,Yes
4501-UYKBC,No
0345-XMMUG,No
0310-MVLET,No
4521-YEEHE,Yes
6429-SHBCB,No
9283-LZQOH,Yes
3372-CDXFJ,No
7075-BNDVQ,No
4056-QHXHZ,No
5351-QESIO,Yes
3374-LXDEV,Yes
1087-UDSIH,No
3916-NRPAP,Yes
6969-MVBAI,Yes
6319-IEJWJ,No
7912-SYRQT,Yes
5539-TMZLF,Yes
2985-FMWYF,Yes
9359-JANWS,No
3620-EHIMZ,No
4026-SKKHW,Yes
8622-ZLFKO,Yes
3496-LFSZU,Yes
7398-LXGYX,No
3452-ABWRL,No
7351-MHQVU,No
4060-LDNLU,Yes
4648-YPBTM,No
8660-BUETV,Yes
1345-GKDZZ,No
4112-LUEIZ,Yes
5419-KLXBN,No
6233-HXJMX,No
7398-SKNQZ,Yes
5712-PTIWW,Yes
2673-ZALNP,No
6212-ATMLK,Yes
9402-ROUMJ,No
0256-LTHVJ,No
4785-QRJHC,No
4999-IEZLT,No
7868-BGSZA,No
4237-RLAQD,Yes
1171-TYKUR,No
6248-BSHKG,No
6016-LVTJQ,No
4667-OHGKG,No
7781-EWARA,No
5730-DBDSI,No
9692-TUSXH,No
0519-DRGTI,No
3551-GAEGL,No
5442-BHQNG,Yes
5600-KTXFM,Yes
4445-KWOKW,No
2959-MJHIC,Yes
4587-VVTOX,Yes
7105-MXJLL,No
1143-NMNQJ,Yes
6845-RGTYS,Yes
3521-HTQTV,No
3207-OYBWH,No
2324-AALNO,No
1222-LRYKO,No
0015-UOCOJ,No
7465-ZZRVX,Yes
2954-PIBKO,No
5006-MXVRN,No
8914-RBTSB,Yes
5445-PZWGX,No
8413-YNHNV,No
3932-CMDTD,Yes
0301-KOBTQ,No
9565-DJPIB,Yes
9591-YVTEB,No
3063-QFSZL,Yes
6917-YACBP,No
2277-VWCNI,No
9894-QMIMJ,No
8224-KDLKN,No
2995-YWTCD,No
8028-PNXHQ,No
4376-KFVRS,No
8258-GSTJK,Yes
6661-HBGWL,No
1849-RJYIG,No
0886-QGENL,No
4415-IJZTP,Yes
5419-CONWX,Yes
6124-ACRHJ,No
0376-YMCJC,Yes
9039-RBEEE,No
9369-XFEHK,No
6345-ULYRW,No
7180-PISOG,Yes
8069-RHUXK,No
5696-JVVQY,No
0895-LNKRC,No
2778-OCLGR,No
5702-SKUOB,No
6260-XLACS,No
5820-PTRYM,No
9251-AWQGT,No
1716-LSAMB,No
5829-NVSQN,No
5605-XNWEN,No
9986-BONCE,No
8849-GYOKR,No
7130-YXBRO,No
2495-INZWQ,No
7351-KYHQH,No
1376-HHBDV,No
9465-RWMXL,Yes
7969-FFOWG,No
2599-CZABP,No
1757-TCATG,No
7181-BQYBV,Yes
7571-YXDAD,Yes
3807-XHCJH,No
9318-NKNFC,No
9602-WCXPI,No
9050-IKDZA,Yes
8443-ZRDBZ,Yes
8739-WWKDU,Yes
6896-SRVYQ,No
2023-VQFDL,No
6968-GMKPR,No
5555-RNPGT,No
5955-EPOAZ,No
1448-PWKYE,Yes
3413-CSSTH,No
7018-FPXHH,No
2798-NYLMZ,No
8194-PEEBY,No
6048-QBXKL,Yes
5356-CSVSQ,Yes
3612-YVGSJ,No
9025-ZRPVR,No
6646-VRFOL,Yes
1036-GUDCL,No
0020-INWCK,No
4824-GUCBY,No
7666-WKRON,No
6608-QQLVK,Yes
4378-BZYFP,No
4633-MKHYU,Yes
8637-XJIVR,No
3778-FOAQW,No
2057-ZBLPD,Yes
0931-MHTEM,No
1240-KNSEZ,No
1963-VAUKV,No
9227-YBAXE,No
5049-MUBWG,No
6821-BUXUX,Yes
7594-LZNWR,No
2509-TFPJU,No
3908-BLSYF,Yes
4873-ILOLJ,No
3594-IVHJZ,No
6218-KNUBD,No
5067-WJEUN,No
3780-DDGSE,No
3689-MOZGR,No
4223-BKEOR,No
0064-YIJGF,No
0616-ATFGB,Yes
3967-KXAPS,No
5339-TJFEK,No
0365-BZUWY,Yes
1236-WFCDV,Yes
0330-IVZHA,Yes
6910-HADCM,Yes
3094-JOJAI,No
3594-UVONA,No
2138-VFAPZ,No
4641-FROLU,No
7018-WBJNK,Yes
0083-PIVIK,No
1429-UYJSV,No
7115-IRDHS,No
3164-YAXFY,No
0916-KNFAJ,No
3244-CQPHU,No
6445-TNRXS,No
3211-ILJTT,No
3890-RTCMS,No
3724-BSCVH,No
1768-ZAIFU,Yes
7432-FFVAR,No
6682-QJDGB,No
3635-QQRQD,No
7251-XFOIL,No
3926-CUQZX,Yes
9972-VAFJJ,No
6542-LWGXJ,Yes
7343-EOBEU,No
5899-OUVKV,No
1074-AMIOH,No
9152-AMKAK,No
6833-JMZYP,Yes
3398-GCPMU,No
3391-JSQEW,No
7239-HZZCX,No
2908-ZTPNF,No
6979-ZNSFF,Yes
0018-NYROU,Yes
6797-UCJHZ,No
2364-UFROM,No
0909-SDHNU,No
6861-XWTWQ,Yes
1139-WUOAH,No
7250-EQKIY,Yes
7754-IXRMC,Yes
6284-AHOOQ,No
8821-XNHVZ,Yes
4546-FOKWR,Yes
4979-HPRFL,No
3352-ALMCK,No
1045-LTCYT,No
4489-SNOJF,No
4191-XOVOM,No
1848-LBZHY,No
9092-GDZKO,No
9761-XUJWD,No
8059-UDZFY,No
3378-AJRAO,No
7047-FWEYA,Yes
5268-DSMNQ,No
9940-RHLFB,Yes
2606-RMDHZ,No
0818-OCPZO,Yes
5120-ZBLAI,No
4631-OACRM,Yes
8593-WHYHV,Yes
4234-XTNEA,Yes
3234-VKACU,Yes
3745-HRPHI,No
7554-AKDQF,No
3197-ARFOY,No
9121-PHQSR,Yes
1587-FKLZB,No
8058-DMYRU,Yes
1264-FUHCX,No
4343-EJVQB,No
6713-OKOMC,No
3649-JPUGY,No
1004-NOZNR,No
9364-YKUVW,No
6194-HBGQN,No
3229-USWAR,No
3658-KIBGF,Yes
9643-YBLUR,No
1845-ZLLIG,Yes
0524-IAVZO,Yes
5692-FPTAH,Yes
6317-YPKDH,Yes
9823-EALYC,No
9167-APMXZ,No
8246-SHFGA,No
3413-DHLPB,No
2533-QVMSK,No
8751-EDEKA,No
2696-RZVZW,No
0484-JPBRU,No
8849-AYPTR,No
8671-KKKOS,No
2824-MYYBN,Yes
1112-CUNAO,Yes
9221-OTIVJ,Yes
5364-EVNIB,Yes
3439-GVUSX,Yes
1052-QJIBV,No
4504-YOULA,No
6292-TOSSS,No
9480-BQJEI,No
1043-UXOVO,No
4660-IRIBM,No
9483-GCPWE,No
0835-DUUIQ,No
4077-HWUYD,No
6848-HJTXY,No
4184-VODJZ,No
7663-RGWBC,Yes
0221-NAUXK,No
8378-LKJAF,No
6857-VWJDT,Yes
0114-IGABW,No
3177-LASXD,Yes
5928-QLDHB,Yes
2408-PSJVE,No
6661-EIPZC,No
6388-TABGU,No
0581-MDMPW,No
2466-NEJOJ,No
9971-ZWPBF,Yes
5650-YLIBA,Yes
3977-QCRSL,No
4626-OZDTJ,No
4869-EPIUS,No
6164-HAQTX,No
7668-XCFYV,Yes
7209-JCUDS,Yes
3923-CSIHK,No
1816-FLZDK,Yes
0347-UBKUZ,No
6345-FZOQH,No
9337-SRRNI,No
5458-CQJTA,No
4250-ZBWLV,No
7576-JMYWV,Yes
9298-WGMRW,No
4779-ZGICK,No
6434-TTGJP,No
2079-FBMZK,Yes
7537-CBQUZ,No
1265-ZFOSD,No
2955-BJZHG,No
7273-TEFQD,Yes
4189-NAKJS,No
2150-OEGBV,No
3546-GHEAE,No
3244-DCJWY,Yes
4072-IPYLT,No
8739-QOTTN,No
4634-JLRJT,No
6036-TTFYU,No
5847-MXBEO,No
5371-VYLSX,Yes
2055-PDADH,Yes
7124-UGSUR,No
3258-SANFR,No
2761-XECQW,No
5297-MDOIR,No
4713-LZDRV,Yes
3466-RITXD,No
0187-QSXOE,Yes
3982-DQLUS,No
0422-UXFAP,Yes
9851-KIELU,Yes
4803-LBYPN,No
1156-ZFYDO,No
5950-AAAGJ,No
4686-UXDML,No
5469-CTCWN,No
9979-RGMZT,Yes
7623-TRNQN,Yes
5542-TBBWB,Yes
8535-SFUTN,No
9494-BDNNC,No
9450-TRJUU,Yes
5759-RCVCB,Yes
2832-SCUCO,No
8887-IPQNC,No
8495-PRWFH,No
6537-QLGEX,No
2606-PKWJB,No
1272-ILHFG,No
8805-JNRAZ,Yes
7695-PKLCZ,No
7005-CCBKV,Yes
2305-MRGLV,No
3705-PSNGL,No
2266-SJNAT,No
5821-MMEIL,No
6518-LGAOV,Yes
7742-MYPGI,No
2061-VVFST,No
6821-JPCDC,No
0436-TWFFZ,No
8970-ANWXO,No
3453-RTHJQ,Yes
1069-QJOEE,No
0281-CNTZX,No
0058-EVZWM,No
6008-NAIXK,No
3191-CSNMG,Yes
0909-SELIE,No
4237-CLSMM,No
5196-SGOAK,Yes
6543-CPZMK,No
8272-ONJLV,Yes
3313-QKNKB,No
3675-EQOZA,No
7893-IXHRQ,No
3190-FZATL,No
2731-GJRDG,No
0076-LVEPS,No
2252-NKNSI,No
2897-DOVND,Yes
4465-VDKIQ,No
8652-YHIYU,Yes
8016-NCFVO,Yes
8626-PTQGE,No
9685-WKZGT,Yes
7502-BNYGS,No
1619-YWUBB,No
0851-DFJKB,No
7009-PCARS,No
9258-CNWAC,No
0106-GHRQR,No
2984-RGEYA,No
0513-RBGPE,No
9122-UMROB,No
1265-HVPZB,No
2604-IJPDU,No
8879-XUAHX,No
0975-UYDTX,No
5281-BUZGT,Yes
8314-HTWVE,No
1038-RQOST,No
5889-JTMUL,Yes
9747-DDZOS,Yes
2748-MYRVK,No
7654-YWJUF,No
6823-SIDFQ,No
7463-IFMQU,No
1658-XUHBX,No
8993-PHFWD,Yes
2700-LUEVA,No
1965-DDBWU,Yes
1768-HNVGJ,No
3858-XHYJO,No
2284-VFLKH,No
2609-IAICY,Yes
8930-XOTDP,No
2434-EEVDB,No
4973-MGTON,No
6227-HWPWX,Yes
1541-ETJZO,Yes
3682-YEUWS,No
6953-PBDIN,No
6332-FBZRI,No
0754-EEBDC,No
2535-PBCGC,No
5167-ZFFMM,Yes
2659-VXMWZ,No
0506-LVNGN,Yes
0323-XWWTN,No
3679-XASPY,No
4092-OFQZS,No
3227-WLKLI,No
0447-BEMNG,No
5968-HYJRZ,No
3331-HQDTW,No
4102-HLENU,No
0946-FKYTX,No
8869-LIHMK,No
1853-ARAAQ,No
2159-TURXX,No
6270-OMFIW,No
1230-QAJDW,Yes
0723-VSOBE,No
2585-KTFRE,Yes
7130-VTEWQ,Yes
8406-LNMHF,No
7410-KTVFV,No
7074-STDCN,No
6980-IMXXE,No
0486-HECZI,Yes
7569-NMZYQ,No
4819-HJPIW,No
8309-PPCED,No
7312-XSBAT,Yes
6598-RFFVI,No
9945-PSVIP,No
9531-NSBMR,No
9796-MVYXX,No
9512-UIBFX,No
1657-DYMBM,No
5204-QZXPU,No
9348-ROUAI,No
5288-AHOUP,Yes
4724-WXVWF,Yes
0222-CNVPT,No
5447-VYTKW,No
9208-OLGAQ,No
6770-XUAGN,No
7801-KICAO,Yes
8929-KSWIH,No
6599-GZWCM,Yes
2952-QAYZF,Yes
2737-YNGYW,Yes
1929-ZCBHE,No
1166-PQLGG,No
2650-GYRYL,No
5627-TVBPP,No
7445-WMRBW,No
3223-DWFIO,Yes
6704-UTUKK,No
8397-MVTAZ,Yes
8882-TLVRW,No
8409-WQJUX,No
8218-FFJDS,No
3769-MHZNV,No
3301-VKTGC,No
7242-EDTYC,No
2817-LVCPP,No
3460-TJBWI,No
0377-JBKKT,No
8915-NNTRC,No
6856-RAURS,Yes
0487-CRLZF,No
3807-BPOMJ,No
3006-XIMLN,Yes
3750-CKVKH,Yes
2391-SOORI,No
6338-AVWCY,Yes
3237-AJGEH,Yes
8695-ARGXZ,Yes
6559-RAKOZ,Yes
1867-BDVFH,Yes
3597-YASZG,No
6483-OATDN,No
7531-GQHME,No
8840-DQLGN,No
6583-SZVGP,No
8182-PNAGI,No
0315-LVCRK,Yes
1853-UDXBW,Yes
2930-UOTMB,No
6023-YEBUP,Yes
2995-UPRYS,No
7520-HQWJU,No
0691-NIKRI,No
3665-JATSN,No
8620-RJPZN,No
6993-YCOBK,No
8922-NPKBJ,No
4942-VZZOM,No
4701-LKOZD,No
7621-VPNET,No
1345-ZUKID,No
7839-NUIAA,No
2758-RNWXS,No
8280-MQRQN,Yes
5813-UECBU,No
6139-ZZRBQ,No
6972-SNKKW,No
8433-WPJTV,No
7924-GJZFI,No
4674-HGNUA,No
5380-WJKOV,Yes
8111-RKSPX,Yes
6319-QSUSR,No
1722-LDZJS,No
9279-CJEOJ,No
3768-NLUBH,No
2674-MIAHT,Yes
4452-QIIEB,No
6061-GWWAV,No
8393-DLHGA,No
4678-DVQEO,Yes
4709-LKHYG,No
4423-JWZJN,No
9209-NWPGU,No
7252-NTGSS,Yes
2599-CIPQE,No
2987-BJXIK,No
5562-YJQGT,No
0923-PNFUB,Yes
3077-RSNTJ,No
5828-AVIPD,Yes
6137-NICCO,Yes
8430-TWCBX,No
0327-WFZSY,Yes
3096-WPXBT,No
9895-VFOXH,Yes
3363-EWLGO,No
3594-KADLU,Yes
0397-ZXWQF,No
7524-VRLPL,No
8096-LOIST,No
2272-JKMSI,No
0928-JMXNP,No
9274-UARKJ,Yes
1485-YDHMM,No
4211-MMAZN,No
4706-DGAHW,Yes
5472-CVMDX,No
4464-JCOLN,No
1545-JFUML,No
9391-TTOYH,No
0603-TPMIB,No
9367-TCUYN,No
4075-JFPGR,No
0412-UCCNP,No
2519-LBNQL,No
1809-DMJHQ,No
2322-VCZHZ,No
3058-WQDRE,No
8166-ZZTFS,No
3126-WQMGH,No
4892-VLANZ,No
9576-ANLXO,Yes
9975-GPKZU,No
9194-GFVOI,No
1113-IUJYX,Yes
8711-LOBKY,No
3858-VOBET,Yes
9030-QGZNL,No
0628-CNQRM,No
1735-XMJVH,No
9057-SIHCH,Yes
7073-QETQY,No
7722-VJRQD,No
6158-HDPXZ,Yes
3722-WPXTK,Yes
6164-HXUGH,No
1302-TPUBN,No
9592-ERDKV,No
8445-DNBAE,Yes
4547-LYTDD,Yes
8221-HVAYI,No
5176-OLSKT,No
6048-UWKAL,No
7617-EYGLW,No
0685-MLYYM,Yes
6777-TGHTM,No
4011-ARPHK,No
8495-LJDFO,No
2961-VNFKL,No
4531-AUZNK,No
6711-VTNRE,No
8097-VBQTZ,No
0732-OCQOC,No
1471-GIQKQ,Yes
1355-KUSBG,No
3325-FUYCG,Yes
9107-UKCKY,No
0480-KYJVA,No
1952-DVVSW,No
7159-FVYPK,Yes
5906-CVLHP,No
9648-BCHKM,No
4039-PIMHX,No
6500-JVEGC,No
4118-CEVPF,No
9227-LUNBG,Yes
5148-ORICT,No
2925-VDZHY,No
9762-YAQAA,No
1666-JXLKU,Yes
2263-SFSQZ,No
7471-MQPOS,No
4419-UJMUS,No
5524-KHNJP,No
4727-MCYZG,Yes
3877-JRJIP,Yes
4329-YPDDQ,No
6680-WKXRZ,Yes
9867-XOBQA,No
0906-QVPMS,No
9611-CTWIH,Yes
0295-QVKPB,No
4632-XJMEX,No
0655-RBDUG,Yes
1247-QBVSH,No
2369-FEVNO,No
5832-EXGTT,No
2829-HYVZP,No
2096-XOTMO,No
9767-FFLEM,No
0969-RGKCU,No
2025-JKFWI,Yes
8212-DJRCH,Yes
4742-TXUEX,No
3978-YNKDD,No
9089-UOWJG,No
5271-YNWVR,No
0409-WTMPL,No
8042-RNLKO,No
6578-KRMAW,No
4282-MSACW,No
8053-WWDRO,No
3373-YZZYM,No
5222-IMUKT,No
5158-RIVOP,No
3884-UEBXB,No
8023-QHAIO,No
5698-BQJOH,Yes
6870-ZWMNX,No
4785-FCIFB,No
3672-YITQD,Yes
0447-RXSGD,No
4086-WITJG,No
7872-BAAZR,No
3589-PPVKW,No
8720-RQSBJ,Yes
7551-DACSP,No
7854-EKTJL,No
5373-SFODM,No
2812-SFXMJ,No
3374-PZLXD,No
9860-LISIZ,No
1982-FEBTD,No
9402-ORRAH,Yes
5014-WUQMG,No
7789-CRUVC,No
1069-XAIEM,Yes
9953-ZMKSM,No
8617-ENBDS,Yes
7611-YKYTC,No
0071-NDAFP,No
4369-NYSCF,No
3841-CONLJ,Yes
5159-YFPKQ,Yes
5052-PNLOS,Yes
7399-QHBJS,No
6834-NXDCA,No
5198-HQAEN,No
1608-GMEWB,No
1746-TGTWV,Yes
6891-JPYFF,No
8173-RXAYP,No
4989-LIXVT,No
9840-DVNDC,Yes
2040-XBAVJ,No
6344-SFJVH,No
9548-LERKT,No
8709-KRDVL,Yes
5976-JCJRH,Yes
4829-AUOAX,No
9286-BHDQG,No
9907-SWKKF,Yes
8266-VBFQL,Yes
4512-ZUIYL,Yes
7503-QQRVF,Yes
7923-IYJWY,No
9565-JSNFM,No
7359-WWYJV,No
6497-TILVL,No
5331-RGMTT,No
2856-HYAPG,Yes
0733-VUNUW,No
8966-KZXXA,No
0576-WNXXC,Yes
7601-GNDYK,No
5228-EXCET,Yes
9048-JVYVF,Yes
2129-ALKBS,No
5240-CAOYT,No
8259-DZLIZ,No
9050-QLROH,No
7037-MTYVW,No
0679-IDSTG,Yes
6376-GAHQE,Yes
9732-KPKBW,Yes
6331-LWDTQ,No
0829-XXPLX,No
1170-SASML,No
8621-MNIHH,Yes
5103-MHMHY,Yes
6671-NGWON,No
1329-VHWNP,No
7579-KKLOE,No
4049-ZPALD,No
6475-VHUIZ,No
6000-UKLWI,No
4589-IUAJB,No
5827-MWCZK,No
3540-RZJYU,Yes
5327-XOKKY,No
5357-TZHPP,Yes
9506-UXUSK,Yes
1744-JHKYS,No
7926-IJOOU,No
3125-RAHBV,No
5178-LMXOP,Yes
1986-PHGZF,No
8128-YVJRG,No
8393-JMVMB,No
9153-BTBVV,No
0719-SYFRB,No
9674-EHPPG,No
7056-IMHCC,Yes
0379-DJQHR,No
2105-PHWON,No
9389-ACWBI,Yes
5699-BNCAS,No
8455-HIRAQ,No
9233-PSYHO,No
8821-KVZKQ,No
6668-CNMFP,No
3721-CNEYS,Yes
6435-SRWBJ,Yes
4538-WNTMJ,No
2108-YKQTY,No
3097-NQYSN,Yes
1395-OFUWC,No
7878-JGDKK,No
8097-OMULG,No
1066-JKSGK,No
5975-BAICR,No
5445-GLVOT,No
8402-EIVQS,No
9572-WUKSB,Yes
7629-WIXZF,No
7198-GLXTC,Yes
5067-DGXLL,No
5774-QPLTF,No
3537-RYBHH,No
4002-BQWPQ,No
2165-VOEGB,No
4154-AQUGT,Yes
5985-BEHZK,No
3450-WXOAT,No
6060-QBMGV,No
8696-JKZNU,Yes
8429-XIBUM,No
9445-SZLCH,No
0876-WDUUZ,Yes
6094-ZIVKX,No
5149-QYTTU,No
1474-JUWSM,No
3318-OSATS,Yes
2956-GGUCQ,Yes
9753-OYLBX,No
8701-DGLVH,No
3211-AAPKX,No
3400-ESFUW,No
5136-GFPMB,No
8050-XGRVL,No
0778-NELLA,No
5322-TEUJK,No
0623-EJQEG,No
6617-WLBQC,No
0824-VWDPO,No
3308-DGHKL,No
6557-BZXLQ,Yes
9795-SHUHB,No
5339-PXDVH,Yes
7016-NVRIC,No
8152-UOBNY,Yes
9254-RBFON,No
6723-CEGQI,No
4707-MAXGU,No
6166-ILMNY,Yes
0040-HALCW,No
9804-ICWBG,Yes
7876-BEUTG,No
2325-ZUSFD,No
0096-BXERS,No
9086-YJYXS,No
2309-OSFEU,No
7740-BTPUX,Yes
7931-PXHFC,No
3694-GLTJM,No
0230-UBYPQ,No
2984-AFWNC,Yes
4753-PADAS,No
7808-DVWEP,No
2103-ZRXFN,Yes
3785-NRHYR,No
4640-UHDOS,No
0487-VVUVK,No
1784-EZDKJ,No
3627-FHKBK,Yes
8375-KVTHK,No
5583-EJXRD,No
3030-YDNRM,Yes
4342-HENTK,Yes
2750-BJLSB,No
7881-EVUAD,Yes
6000-APYLU,Yes
7711-GQBZC,No
0822-QGCXA,No
1936-CZAKF,No
5980-BDHPY,No
7277-OZCGZ,No
4324-AHJKS,No
0823-HSCDJ,No
3556-BVQGL,No
2865-TCHJW,Yes
0168-XZKBB,Yes
4817-VYYWS,Yes
0235-KGSLC,Yes
4770-QAZXN,No
3785-KTYSH,No
4283-FUTGF,Yes
4115-NZRKS,Yes
6806-YDEUL,No
4128-ETESU,Yes
2085-JVGAD,No
4360-PNRQB,No
4353-HYOJD,No
3179-GBRWV,No
4818-QIUFN,Yes
7504-UWHNB,No
5553-AOINX,No
3410-MHHUM,Yes
3192-LNKRK,No
1097-FSPVW,No
2483-XSSMZ,No
2732-ISEZX,No
7975-JMZNT,No
3606-SBKRY,No
1047-RNXZV,No
5174-ITUMV,No
0080-EMYVY,No
6956-SMUCM,Yes
1265-BCFEO,No
3696-XRIEN,No
0853-TWRVK,No
6521-YYTYI,Yes
7244-KXYZN,No
4946-EDSEW,No
1763-WQFUK,Yes
2761-OCIAX,Yes
2282-YGNOR,No
1862-QRWPE,No
8857-CUPFQ,No
5630-AHZIL,Yes
5949-EBSQK,No
8654-DHAOW,Yes
4393-RYCRE,No
9297-EONCV,No
2272-WUSPA,No
6892-XPFPU,Yes
7534-BFESC,Yes
5027-YOCXN,No
9470-YFUYI,No
6518-KZXCB,No
8869-TORSS,No
8699-ASUFO,Yes
3156-QLHBO,No
3011-WQKSZ,No
5533-NHFRF,No
2101-RANCD,Yes
6817-WTYHE,Yes
2482-CZGBB,Yes
3523-QRQLL,No
4304-TSPVK,No
9489-UTFKA,No
1459-QNFQT,No
4983-CLMLV,No
1522-VVDMG,Yes
8791-GFXLZ,No
2669-QVCRG,No
6199-IPCAO,No
8727-JQFHV,No
8819-IMISP,Yes
0924-BJCRC,No
7821-DPRQE,No
0556-FJEGU,No
9878-TNQGW,Yes
1766-GKNMI,Yes
7422-WNBTY,Yes
5915-ANOEI,No
6651-AZVTJ,Yes
2135-DQWAQ,Yes
4685-TFLLS,No
7766-CLTIC,No
3761-FLYZI,No
2077-MPJQO,Yes
4998-IKFSE,Yes
7587-RZNME,Yes
4078-SAYYN,Yes
8041-TMEID,No
3055-MJDSB,No
3018-TFTSU,Yes
8976-OQHGT,No
4208-UFFGW,Yes
2718-YSKCS,No
5269-NRGDP,No
9138-EFSMO,No
1926-QUZNN,No
5701-ZIKJE,No
2546-KZAAT,No
1469-LBJQJ,No
5186-SAMNZ,Yes
6810-VCAEX,No
1534-OULXE,No
9470-RTWDV,No
0297-RBCSG,No
7029-RPUAV,No
6519-ZHPXP,No
5091-HFAZW,Yes
7609-NRNCA,No
6734-FQAJX,No
5996-DAOQL,No
1320-HTRDR,Yes
6924-TDGMT,No
9073-ZZIAY,No
8782-NUUOL,No
2789-CZANW,No
5206-XZZQI,No
7690-KPNCU,No
5701-SVCWR,No
3996-ZNWYK,No
8963-MQVYN,No
5376-DEQCP,Yes
1328-EUZHC,No
1303-SRDOK,No
2582-FFFZR,No
4750-ZRXIU,Yes
6732-FZUGP,No
3638-DIMPH,No
9372-TXXPS,No
0750-EBAIU,No
7410-YTJIK,Yes
6695-FRVEC,No
8490-BXHEO,No
9955-QOPOY,No
5313-FPXWG,No
0902-RFHOF,No
4646-QZXTF,No
2205-LPVGL,No
2043-WVTQJ,Yes
3831-YCPUO,No
8404-VIOMB,No
3319-DWOEP,Yes
3594-BDSOA,No
8318-LCNBW,No
4012-ZTHBR,No
7673-BQGKU,No
8908-SLFCJ,No
2123-AGEEN,Yes
2675-IJRGJ,No
1902-XBTFB,No
4693-VWVBO,No
1600-DILPE,No
0128-MKWSG,No
1179-INLAT,No
3891-NLXJB,No
8957-THMOA,No
